metric_id,geo_id,geo_level,period,value,unit,source_id,observation_end,published_at,fetched_at,quality_flag,revision
mortgage_rate_new,es,nation,2003-01,4.2051,percent,bde,2003-01-31,,2026-07-25,ok,0
mortgage_rate_new,es,nation,2003-02,4.0621,percent,bde,2003-02-28,,2026-07-25,ok,0
mortgage_rate_new,es,nation,2003-03,3.8986,percent,bde,2003-03-31,,2026-07-25,ok,0
mortgage_rate_new,es,nation,2003-04,3.7856,percent,bde,2003-04-30,,2026-07-25,ok,0
mortgage_rate_new,es,nation,2003-05,3.7222,percent,bde,2003-05-31,,2026-07-25,ok,0
mortgage_rate_new,es,nation,2003-06,3.6145,percent,bde,2003-06-30,,2026-07-25,ok,0
mortgage_rate_new,es,nation,2003-07,3.4224,percent,bde,2003-07-31,,2026-07-25,ok,0
mortgage_rate_new,es,nation,2003-08,3.3333,percent,bde,2003-08-31,,2026-07-25,ok,0
mortgage_rate_new,es,nation,2003-09,3.3355,percent,bde,2003-09-30,,2026-07-25,ok,0
mortgage_rate_new,es,nation,2003-10,3.3538,percent,bde,2003-10-31,,2026-07-25,ok,0
mortgage_rate_new,es,nation,2003-11,3.3124,percent,bde,2003-11-30,,2026-07-25,ok,0
mortgage_rate_new,es,nation,2003-12,3.3153,percent,bde,2003-12-31,,2026-07-25,ok,0
mortgage_rate_new,es,nation,2004-01,3.3643,percent,bde,2004-01-31,,2026-07-25,ok,0
mortgage_rate_new,es,nation,2004-02,3.3306,percent,bde,2004-02-29,,2026-07-25,ok,0
mortgage_rate_new,es,nation,2004-03,3.2149,percent,bde,2004-03-31,,2026-07-25,ok,0
mortgage_rate_new,es,nation,2004-04,3.1485,percent,bde,2004-04-30,,2026-07-25,ok,0
mortgage_rate_new,es,nation,2004-05,3.1025,percent,bde,2004-05-31,,2026-07-25,ok,0
mortgage_rate_new,es,nation,2004-06,3.1361,percent,bde,2004-06-30,,2026-07-25,ok,0
mortgage_rate_new,es,nation,2004-07,3.2174,percent,bde,2004-07-31,,2026-07-25,ok,0
mortgage_rate_new,es,nation,2004-08,3.2696,percent,bde,2004-08-31,,2026-07-25,ok,0
mortgage_rate_new,es,nation,2004-09,3.2712,percent,bde,2004-09-30,,2026-07-25,ok,0
mortgage_rate_new,es,nation,2004-10,3.2791,percent,bde,2004-10-31,,2026-07-25,ok,0
mortgage_rate_new,es,nation,2004-11,3.2955,percent,bde,2004-11-30,,2026-07-25,ok,0
mortgage_rate_new,es,nation,2004-12,3.2259,percent,bde,2004-12-31,,2026-07-25,ok,0
mortgage_rate_new,es,nation,2005-01,3.2596,percent,bde,2005-01-31,,2026-07-25,ok,0
mortgage_rate_new,es,nation,2005-02,3.2762,percent,bde,2005-02-28,,2026-07-25,ok,0
mortgage_rate_new,es,nation,2005-03,3.2585,percent,bde,2005-03-31,,2026-07-25,ok,0
mortgage_rate_new,es,nation,2005-04,3.252,percent,bde,2005-04-30,,2026-07-25,ok,0
mortgage_rate_new,es,nation,2005-05,3.2583,percent,bde,2005-05-31,,2026-07-25,ok,0
mortgage_rate_new,es,nation,2005-06,3.2004,percent,bde,2005-06-30,,2026-07-25,ok,0
mortgage_rate_new,es,nation,2005-07,3.1423,percent,bde,2005-07-31,,2026-07-25,ok,0
mortgage_rate_new,es,nation,2005-08,3.149,percent,bde,2005-08-31,,2026-07-25,ok,0
mortgage_rate_new,es,nation,2005-09,3.1523,percent,bde,2005-09-30,,2026-07-25,ok,0
mortgage_rate_new,es,nation,2005-10,3.1726,percent,bde,2005-10-31,,2026-07-25,ok,0
mortgage_rate_new,es,nation,2005-11,3.2144,percent,bde,2005-11-30,,2026-07-25,ok,0
mortgage_rate_new,es,nation,2005-12,3.3169,percent,bde,2005-12-31,,2026-07-25,ok,0
mortgage_rate_new,es,nation,2006-01,3.4771,percent,bde,2006-01-31,,2026-07-25,ok,0
mortgage_rate_new,es,nation,2006-02,3.6002,percent,bde,2006-02-28,,2026-07-25,ok,0
mortgage_rate_new,es,nation,2006-03,3.6618,percent,bde,2006-03-31,,2026-07-25,ok,0
mortgage_rate_new,es,nation,2006-04,3.7536,percent,bde,2006-04-30,,2026-07-25,ok,0
mortgage_rate_new,es,nation,2006-05,3.9038,percent,bde,2006-05-31,,2026-07-25,ok,0
mortgage_rate_new,es,nation,2006-06,4.0043,percent,bde,2006-06-30,,2026-07-25,ok,0
mortgage_rate_new,es,nation,2006-07,4.1065,percent,bde,2006-07-31,,2026-07-25,ok,0
mortgage_rate_new,es,nation,2006-08,4.234,percent,bde,2006-08-31,,2026-07-25,ok,0
mortgage_rate_new,es,nation,2006-09,4.3477,percent,bde,2006-09-30,,2026-07-25,ok,0
mortgage_rate_new,es,nation,2006-10,4.458,percent,bde,2006-10-31,,2026-07-25,ok,0
mortgage_rate_new,es,nation,2006-11,4.5392,percent,bde,2006-11-30,,2026-07-25,ok,0
mortgage_rate_new,es,nation,2006-12,4.5564,percent,bde,2006-12-31,,2026-07-25,ok,0
mortgage_rate_new,es,nation,2007-01,4.7136,percent,bde,2007-01-31,,2026-07-25,ok,0
mortgage_rate_new,es,nation,2007-02,4.7853,percent,bde,2007-02-28,,2026-07-25,ok,0
mortgage_rate_new,es,nation,2007-03,4.8409,percent,bde,2007-03-31,,2026-07-25,ok,0
mortgage_rate_new,es,nation,2007-04,4.8987,percent,bde,2007-04-30,,2026-07-25,ok,0
mortgage_rate_new,es,nation,2007-05,4.9525,percent,bde,2007-05-31,,2026-07-25,ok,0
mortgage_rate_new,es,nation,2007-06,5.0547,percent,bde,2007-06-30,,2026-07-25,ok,0
mortgage_rate_new,es,nation,2007-07,5.1587,percent,bde,2007-07-31,,2026-07-25,ok,0
mortgage_rate_new,es,nation,2007-08,5.2693,percent,bde,2007-08-31,,2026-07-25,ok,0
mortgage_rate_new,es,nation,2007-09,5.3309,percent,bde,2007-09-30,,2026-07-25,ok,0
mortgage_rate_new,es,nation,2007-10,5.411,percent,bde,2007-10-31,,2026-07-25,ok,0
mortgage_rate_new,es,nation,2007-11,5.4241,percent,bde,2007-11-30,,2026-07-25,ok,0
mortgage_rate_new,es,nation,2007-12,5.3825,percent,bde,2007-12-31,,2026-07-25,ok,0
mortgage_rate_new,es,nation,2008-01,5.4214,percent,bde,2008-01-31,,2026-07-25,ok,0
mortgage_rate_new,es,nation,2008-02,5.4192,percent,bde,2008-02-29,,2026-07-25,ok,0
mortgage_rate_new,es,nation,2008-03,5.2859,percent,bde,2008-03-31,,2026-07-25,ok,0
mortgage_rate_new,es,nation,2008-04,5.2685,percent,bde,2008-04-30,,2026-07-25,ok,0
mortgage_rate_new,es,nation,2008-05,5.437,percent,bde,2008-05-31,,2026-07-25,ok,0
mortgage_rate_new,es,nation,2008-06,5.5905,percent,bde,2008-06-30,,2026-07-25,ok,0
mortgage_rate_new,es,nation,2008-07,5.8069,percent,bde,2008-07-31,,2026-07-25,ok,0
mortgage_rate_new,es,nation,2008-08,6.0292,percent,bde,2008-08-31,,2026-07-25,ok,0
mortgage_rate_new,es,nation,2008-09,6.0485,percent,bde,2008-09-30,,2026-07-25,ok,0
mortgage_rate_new,es,nation,2008-10,6.0729,percent,bde,2008-10-31,,2026-07-25,ok,0
mortgage_rate_new,es,nation,2008-11,6.0245,percent,bde,2008-11-30,,2026-07-25,ok,0
mortgage_rate_new,es,nation,2008-12,5.647,percent,bde,2008-12-31,,2026-07-25,ok,0
mortgage_rate_new,es,nation,2009-01,4.8361,percent,bde,2009-01-31,,2026-07-25,ok,0
mortgage_rate_new,es,nation,2009-02,4.2374,percent,bde,2009-02-28,,2026-07-25,ok,0
mortgage_rate_new,es,nation,2009-03,3.8027,percent,bde,2009-03-31,,2026-07-25,ok,0
mortgage_rate_new,es,nation,2009-04,3.451,percent,bde,2009-04-30,,2026-07-25,ok,0
mortgage_rate_new,es,nation,2009-05,3.2496,percent,bde,2009-05-31,,2026-07-25,ok,0
mortgage_rate_new,es,nation,2009-06,3.0575,percent,bde,2009-06-30,,2026-07-25,ok,0
mortgage_rate_new,es,nation,2009-07,2.9845,percent,bde,2009-07-31,,2026-07-25,ok,0
mortgage_rate_new,es,nation,2009-08,2.8912,percent,bde,2009-08-31,,2026-07-25,ok,0
mortgage_rate_new,es,nation,2009-09,2.7155,percent,bde,2009-09-30,,2026-07-25,ok,0
mortgage_rate_new,es,nation,2009-10,2.687,percent,bde,2009-10-31,,2026-07-25,ok,0
mortgage_rate_new,es,nation,2009-11,2.6125,percent,bde,2009-11-30,,2026-07-25,ok,0
mortgage_rate_new,es,nation,2009-12,2.5303,percent,bde,2009-12-31,,2026-07-25,ok,0
mortgage_rate_new,es,nation,2010-01,2.5166,percent,bde,2010-01-31,,2026-07-25,ok,0
mortgage_rate_new,es,nation,2010-02,2.5823,percent,bde,2010-02-28,,2026-07-25,ok,0
mortgage_rate_new,es,nation,2010-03,2.511,percent,bde,2010-03-31,,2026-07-25,ok,0
mortgage_rate_new,es,nation,2010-04,2.4512,percent,bde,2010-04-30,,2026-07-25,ok,0
mortgage_rate_new,es,nation,2010-05,2.4174,percent,bde,2010-05-31,,2026-07-25,ok,0
mortgage_rate_new,es,nation,2010-06,2.3586,percent,bde,2010-06-30,,2026-07-25,ok,0
mortgage_rate_new,es,nation,2010-07,2.4589,percent,bde,2010-07-31,,2026-07-25,ok,0
mortgage_rate_new,es,nation,2010-08,2.5534,percent,bde,2010-08-31,,2026-07-25,ok,0
mortgage_rate_new,es,nation,2010-09,2.606,percent,bde,2010-09-30,,2026-07-25,ok,0
mortgage_rate_new,es,nation,2010-10,2.636,percent,bde,2010-10-31,,2026-07-25,ok,0
mortgage_rate_new,es,nation,2010-11,2.6568,percent,bde,2010-11-30,,2026-07-25,ok,0
mortgage_rate_new,es,nation,2010-12,2.6032,percent,bde,2010-12-31,,2026-07-25,ok,0
mortgage_rate_new,es,nation,2011-01,2.8804,percent,bde,2011-01-31,,2026-07-25,ok,0
mortgage_rate_new,es,nation,2011-02,2.9821,percent,bde,2011-02-28,,2026-07-25,ok,0
mortgage_rate_new,es,nation,2011-03,3.0656,percent,bde,2011-03-31,,2026-07-25,ok,0
mortgage_rate_new,es,nation,2011-04,3.2106,percent,bde,2011-04-30,,2026-07-25,ok,0
mortgage_rate_new,es,nation,2011-05,3.3537,percent,bde,2011-05-31,,2026-07-25,ok,0
mortgage_rate_new,es,nation,2011-06,3.4333,percent,bde,2011-06-30,,2026-07-25,ok,0
mortgage_rate_new,es,nation,2011-07,3.4917,percent,bde,2011-07-31,,2026-07-25,ok,0
mortgage_rate_new,es,nation,2011-08,3.5861,percent,bde,2011-08-31,,2026-07-25,ok,0
mortgage_rate_new,es,nation,2011-09,3.5753,percent,bde,2011-09-30,,2026-07-25,ok,0
mortgage_rate_new,es,nation,2011-10,3.6518,percent,bde,2011-10-31,,2026-07-25,ok,0
mortgage_rate_new,es,nation,2011-11,3.6273,percent,bde,2011-11-30,,2026-07-25,ok,0
mortgage_rate_new,es,nation,2011-12,3.5754,percent,bde,2011-12-31,,2026-07-25,ok,0
mortgage_rate_new,es,nation,2012-01,3.7139,percent,bde,2012-01-31,,2026-07-25,ok,0
mortgage_rate_new,es,nation,2012-02,3.7172,percent,bde,2012-02-29,,2026-07-25,ok,0
mortgage_rate_new,es,nation,2012-03,3.6232,percent,bde,2012-03-31,,2026-07-25,ok,0
mortgage_rate_new,es,nation,2012-04,3.4521,percent,bde,2012-04-30,,2026-07-25,ok,0
mortgage_rate_new,es,nation,2012-05,3.3613,percent,bde,2012-05-31,,2026-07-25,ok,0
mortgage_rate_new,es,nation,2012-06,3.3114,percent,bde,2012-06-30,,2026-07-25,ok,0
mortgage_rate_new,es,nation,2012-07,3.2562,percent,bde,2012-07-31,,2026-07-25,ok,0
mortgage_rate_new,es,nation,2012-08,3.2112,percent,bde,2012-08-31,,2026-07-25,ok,0
mortgage_rate_new,es,nation,2012-09,3.1036,percent,bde,2012-09-30,,2026-07-25,ok,0
mortgage_rate_new,es,nation,2012-10,3.0749,percent,bde,2012-10-31,,2026-07-25,ok,0
mortgage_rate_new,es,nation,2012-11,2.9665,percent,bde,2012-11-30,,2026-07-25,ok,0
mortgage_rate_new,es,nation,2012-12,2.8074,percent,bde,2012-12-31,,2026-07-25,ok,0
mortgage_rate_new,es,nation,2013-01,3.0318,percent,bde,2013-01-31,,2026-07-25,ok,0
mortgage_rate_new,es,nation,2013-02,3.1345,percent,bde,2013-02-28,,2026-07-25,ok,0
mortgage_rate_new,es,nation,2013-03,3.1168,percent,bde,2013-03-31,,2026-07-25,ok,0
mortgage_rate_new,es,nation,2013-04,3.1036,percent,bde,2013-04-30,,2026-07-25,ok,0
mortgage_rate_new,es,nation,2013-05,3.0796,percent,bde,2013-05-31,,2026-07-25,ok,0
mortgage_rate_new,es,nation,2013-06,3.0433,percent,bde,2013-06-30,,2026-07-25,ok,0
mortgage_rate_new,es,nation,2013-07,3.0023,percent,bde,2013-07-31,,2026-07-25,ok,0
mortgage_rate_new,es,nation,2013-08,3.0081,percent,bde,2013-08-31,,2026-07-25,ok,0
mortgage_rate_new,es,nation,2013-09,3.0004,percent,bde,2013-09-30,,2026-07-25,ok,0
mortgage_rate_new,es,nation,2013-10,2.9918,percent,bde,2013-10-31,,2026-07-25,ok,0
mortgage_rate_new,es,nation,2013-11,3.0315,percent,bde,2013-11-30,,2026-07-25,ok,0
mortgage_rate_new,es,nation,2013-12,2.9929,percent,bde,2013-12-31,,2026-07-25,ok,0
mortgage_rate_new,es,nation,2014-01,3.15,percent,bde,2014-01-31,,2026-07-25,ok,0
mortgage_rate_new,es,nation,2014-02,3.1155,percent,bde,2014-02-28,,2026-07-25,ok,0
mortgage_rate_new,es,nation,2014-03,3.1271,percent,bde,2014-03-31,,2026-07-25,ok,0
mortgage_rate_new,es,nation,2014-04,3.0315,percent,bde,2014-04-30,,2026-07-25,ok,0
mortgage_rate_new,es,nation,2014-05,3.0104,percent,bde,2014-05-31,,2026-07-25,ok,0
mortgage_rate_new,es,nation,2014-06,3.1098,percent,bde,2014-06-30,,2026-07-25,ok,0
mortgage_rate_new,es,nation,2014-07,2.9438,percent,bde,2014-07-31,,2026-07-25,ok,0
mortgage_rate_new,es,nation,2014-08,2.9316,percent,bde,2014-08-31,,2026-07-25,ok,0
mortgage_rate_new,es,nation,2014-09,2.9595,percent,bde,2014-09-30,,2026-07-25,ok,0
mortgage_rate_new,es,nation,2014-10,2.8743,percent,bde,2014-10-31,,2026-07-25,ok,0
mortgage_rate_new,es,nation,2014-11,2.7247,percent,bde,2014-11-30,,2026-07-25,ok,0
mortgage_rate_new,es,nation,2014-12,2.5581,percent,bde,2014-12-31,,2026-07-25,ok,0
mortgage_rate_new,es,nation,2015-01,2.5762,percent,bde,2015-01-31,,2026-07-25,ok,0
mortgage_rate_new,es,nation,2015-02,2.4936,percent,bde,2015-02-28,,2026-07-25,ok,0
mortgage_rate_new,es,nation,2015-03,2.3348,percent,bde,2015-03-31,,2026-07-25,ok,0
mortgage_rate_new,es,nation,2015-04,2.2814,percent,bde,2015-04-30,,2026-07-25,ok,0
mortgage_rate_new,es,nation,2015-05,2.2789,percent,bde,2015-05-31,,2026-07-25,ok,0
mortgage_rate_new,es,nation,2015-06,2.1998,percent,bde,2015-06-30,,2026-07-25,ok,0
mortgage_rate_new,es,nation,2015-07,2.1364,percent,bde,2015-07-31,,2026-07-25,ok,0
mortgage_rate_new,es,nation,2015-08,2.2161,percent,bde,2015-08-31,,2026-07-25,ok,0
mortgage_rate_new,es,nation,2015-09,2.1679,percent,bde,2015-09-30,,2026-07-25,ok,0
mortgage_rate_new,es,nation,2015-10,2.1462,percent,bde,2015-10-31,,2026-07-25,ok,0
mortgage_rate_new,es,nation,2015-11,2.1039,percent,bde,2015-11-30,,2026-07-25,ok,0
mortgage_rate_new,es,nation,2015-12,1.9758,percent,bde,2015-12-31,,2026-07-25,ok,0
mortgage_rate_new,es,nation,2016-01,2.045,percent,bde,2016-01-31,,2026-07-25,ok,0
mortgage_rate_new,es,nation,2016-02,2.0274,percent,bde,2016-02-29,,2026-07-25,ok,0
mortgage_rate_new,es,nation,2016-03,1.9838,percent,bde,2016-03-31,,2026-07-25,ok,0
mortgage_rate_new,es,nation,2016-04,2.0853,percent,bde,2016-04-30,,2026-07-25,ok,0
mortgage_rate_new,es,nation,2016-05,2.0498,percent,bde,2016-05-31,,2026-07-25,ok,0
mortgage_rate_new,es,nation,2016-06,1.9876,percent,bde,2016-06-30,,2026-07-25,ok,0
mortgage_rate_new,es,nation,2016-07,1.9821,percent,bde,2016-07-31,,2026-07-25,ok,0
mortgage_rate_new,es,nation,2016-08,2.0318,percent,bde,2016-08-31,,2026-07-25,ok,0
mortgage_rate_new,es,nation,2016-09,2.0362,percent,bde,2016-09-30,,2026-07-25,ok,0
mortgage_rate_new,es,nation,2016-10,2.0171,percent,bde,2016-10-31,,2026-07-25,ok,0
mortgage_rate_new,es,nation,2016-11,1.9716,percent,bde,2016-11-30,,2026-07-25,ok,0
mortgage_rate_new,es,nation,2016-12,1.9144,percent,bde,2016-12-31,,2026-07-25,ok,0
mortgage_rate_new,es,nation,2017-01,1.9925,percent,bde,2017-01-31,,2026-07-25,ok,0
mortgage_rate_new,es,nation,2017-02,1.9812,percent,bde,2017-02-28,,2026-07-25,ok,0
mortgage_rate_new,es,nation,2017-03,1.938,percent,bde,2017-03-31,,2026-07-25,ok,0
mortgage_rate_new,es,nation,2017-04,1.9216,percent,bde,2017-04-30,,2026-07-25,ok,0
mortgage_rate_new,es,nation,2017-05,1.928,percent,bde,2017-05-31,,2026-07-25,ok,0
mortgage_rate_new,es,nation,2017-06,1.921,percent,bde,2017-06-30,,2026-07-25,ok,0
mortgage_rate_new,es,nation,2017-07,1.9386,percent,bde,2017-07-31,,2026-07-25,ok,0
mortgage_rate_new,es,nation,2017-08,2.0634,percent,bde,2017-08-31,,2026-07-25,ok,0
mortgage_rate_new,es,nation,2017-09,1.9693,percent,bde,2017-09-30,,2026-07-25,ok,0
mortgage_rate_new,es,nation,2017-10,1.9602,percent,bde,2017-10-31,,2026-07-25,ok,0
mortgage_rate_new,es,nation,2017-11,1.9349,percent,bde,2017-11-30,,2026-07-25,ok,0
mortgage_rate_new,es,nation,2017-12,1.8297,percent,bde,2017-12-31,,2026-07-25,ok,0
mortgage_rate_new,es,nation,2018-01,1.9406,percent,bde,2018-01-31,,2026-07-25,ok,0
mortgage_rate_new,es,nation,2018-02,1.9645,percent,bde,2018-02-28,,2026-07-25,ok,0
mortgage_rate_new,es,nation,2018-03,1.981,percent,bde,2018-03-31,,2026-07-25,ok,0
mortgage_rate_new,es,nation,2018-04,1.9749,percent,bde,2018-04-30,,2026-07-25,ok,0
mortgage_rate_new,es,nation,2018-05,1.9401,percent,bde,2018-05-31,,2026-07-25,ok,0
mortgage_rate_new,es,nation,2018-06,1.8999,percent,bde,2018-06-30,,2026-07-25,ok,0
mortgage_rate_new,es,nation,2018-07,1.8915,percent,bde,2018-07-31,,2026-07-25,ok,0
mortgage_rate_new,es,nation,2018-08,2.0291,percent,bde,2018-08-31,,2026-07-25,ok,0
mortgage_rate_new,es,nation,2018-09,1.96,percent,bde,2018-09-30,,2026-07-25,ok,0
mortgage_rate_new,es,nation,2018-10,2.0023,percent,bde,2018-10-31,,2026-07-25,ok,0
mortgage_rate_new,es,nation,2018-11,2.0276,percent,bde,2018-11-30,,2026-07-25,ok,0
mortgage_rate_new,es,nation,2018-12,1.9905,percent,bde,2018-12-31,,2026-07-25,ok,0
mortgage_rate_new,es,nation,2019-01,2.09,percent,bde,2019-01-31,,2026-07-25,ok,0
mortgage_rate_new,es,nation,2019-02,2.1215,percent,bde,2019-02-28,,2026-07-25,ok,0
mortgage_rate_new,es,nation,2019-03,2.1262,percent,bde,2019-03-31,,2026-07-25,ok,0
mortgage_rate_new,es,nation,2019-04,2.1465,percent,bde,2019-04-30,,2026-07-25,ok,0
mortgage_rate_new,es,nation,2019-05,2.1613,percent,bde,2019-05-31,,2026-07-25,ok,0
mortgage_rate_new,es,nation,2019-06,2.0655,percent,bde,2019-06-30,,2026-07-25,ok,0
mortgage_rate_new,es,nation,2019-07,1.9827,percent,bde,2019-07-31,,2026-07-25,ok,0
mortgage_rate_new,es,nation,2019-08,1.995,percent,bde,2019-08-31,,2026-07-25,ok,0
mortgage_rate_new,es,nation,2019-09,1.8697,percent,bde,2019-09-30,,2026-07-25,ok,0
mortgage_rate_new,es,nation,2019-10,1.8185,percent,bde,2019-10-31,,2026-07-25,ok,0
mortgage_rate_new,es,nation,2019-11,1.7829,percent,bde,2019-11-30,,2026-07-25,ok,0
mortgage_rate_new,es,nation,2019-12,1.6856,percent,bde,2019-12-31,,2026-07-25,ok,0
mortgage_rate_new,es,nation,2020-01,1.8082,percent,bde,2020-01-31,,2026-07-25,ok,0
mortgage_rate_new,es,nation,2020-02,1.8126,percent,bde,2020-02-29,,2026-07-25,ok,0
mortgage_rate_new,es,nation,2020-03,1.8088,percent,bde,2020-03-31,,2026-07-25,ok,0
mortgage_rate_new,es,nation,2020-04,1.718,percent,bde,2020-04-30,,2026-07-25,ok,0
mortgage_rate_new,es,nation,2020-05,1.7522,percent,bde,2020-05-31,,2026-07-25,ok,0
mortgage_rate_new,es,nation,2020-06,1.7822,percent,bde,2020-06-30,,2026-07-25,ok,0
mortgage_rate_new,es,nation,2020-07,1.7462,percent,bde,2020-07-31,,2026-07-25,ok,0
mortgage_rate_new,es,nation,2020-08,1.7841,percent,bde,2020-08-31,,2026-07-25,ok,0
mortgage_rate_new,es,nation,2020-09,1.7184,percent,bde,2020-09-30,,2026-07-25,ok,0
mortgage_rate_new,es,nation,2020-10,1.7074,percent,bde,2020-10-31,,2026-07-25,ok,0
mortgage_rate_new,es,nation,2020-11,1.6465,percent,bde,2020-11-30,,2026-07-25,ok,0
mortgage_rate_new,es,nation,2020-12,1.511,percent,bde,2020-12-31,,2026-07-25,ok,0
mortgage_rate_new,es,nation,2021-01,1.559,percent,bde,2021-01-31,,2026-07-25,ok,0
mortgage_rate_new,es,nation,2021-02,1.5313,percent,bde,2021-02-28,,2026-07-25,ok,0
mortgage_rate_new,es,nation,2021-03,1.5419,percent,bde,2021-03-31,,2026-07-25,ok,0
mortgage_rate_new,es,nation,2021-04,1.5231,percent,bde,2021-04-30,,2026-07-25,ok,0
mortgage_rate_new,es,nation,2021-05,1.4961,percent,bde,2021-05-31,,2026-07-25,ok,0
mortgage_rate_new,es,nation,2021-06,1.4623,percent,bde,2021-06-30,,2026-07-25,ok,0
mortgage_rate_new,es,nation,2021-07,1.4369,percent,bde,2021-07-31,,2026-07-25,ok,0
mortgage_rate_new,es,nation,2021-08,1.5398,percent,bde,2021-08-31,,2026-07-25,ok,0
mortgage_rate_new,es,nation,2021-09,1.4468,percent,bde,2021-09-30,,2026-07-25,ok,0
mortgage_rate_new,es,nation,2021-10,1.4634,percent,bde,2021-10-31,,2026-07-25,ok,0
mortgage_rate_new,es,nation,2021-11,1.4487,percent,bde,2021-11-30,,2026-07-25,ok,0
mortgage_rate_new,es,nation,2021-12,1.382,percent,bde,2021-12-31,,2026-07-25,ok,0
mortgage_rate_new,es,nation,2022-01,1.4393,percent,bde,2022-01-31,,2026-07-25,ok,0
mortgage_rate_new,es,nation,2022-02,1.5215,percent,bde,2022-02-28,,2026-07-25,ok,0
mortgage_rate_new,es,nation,2022-03,1.5361,percent,bde,2022-03-31,,2026-07-25,ok,0
mortgage_rate_new,es,nation,2022-04,1.5467,percent,bde,2022-04-30,,2026-07-25,ok,0
mortgage_rate_new,es,nation,2022-05,1.6487,percent,bde,2022-05-31,,2026-07-25,ok,0
mortgage_rate_new,es,nation,2022-06,1.6974,percent,bde,2022-06-30,,2026-07-25,ok,0
mortgage_rate_new,es,nation,2022-07,1.8029,percent,bde,2022-07-31,,2026-07-25,ok,0
mortgage_rate_new,es,nation,2022-08,2.0334,percent,bde,2022-08-31,,2026-07-25,ok,0
mortgage_rate_new,es,nation,2022-09,2.2211,percent,bde,2022-09-30,,2026-07-25,ok,0
mortgage_rate_new,es,nation,2022-10,2.5434,percent,bde,2022-10-31,,2026-07-25,ok,0
mortgage_rate_new,es,nation,2022-11,2.7354,percent,bde,2022-11-30,,2026-07-25,ok,0
mortgage_rate_new,es,nation,2022-12,2.9614,percent,bde,2022-12-31,,2026-07-25,ok,0
mortgage_rate_new,es,nation,2023-01,3.2503,percent,bde,2023-01-31,,2026-07-25,ok,0
mortgage_rate_new,es,nation,2023-02,3.5167,percent,bde,2023-02-28,,2026-07-25,ok,0
mortgage_rate_new,es,nation,2023-03,3.6287,percent,bde,2023-03-31,,2026-07-25,ok,0
mortgage_rate_new,es,nation,2023-04,3.6942,percent,bde,2023-04-30,,2026-07-25,ok,0
mortgage_rate_new,es,nation,2023-05,3.7838,percent,bde,2023-05-31,,2026-07-25,ok,0
mortgage_rate_new,es,nation,2023-06,3.8233,percent,bde,2023-06-30,,2026-07-25,ok,0
mortgage_rate_new,es,nation,2023-07,3.8364,percent,bde,2023-07-31,,2026-07-25,ok,0
mortgage_rate_new,es,nation,2023-08,3.93,percent,bde,2023-08-31,,2026-07-25,ok,0
mortgage_rate_new,es,nation,2023-09,3.9201,percent,bde,2023-09-30,,2026-07-25,ok,0
mortgage_rate_new,es,nation,2023-10,3.9377,percent,bde,2023-10-31,,2026-07-25,ok,0
mortgage_rate_new,es,nation,2023-11,3.8548,percent,bde,2023-11-30,,2026-07-25,ok,0
mortgage_rate_new,es,nation,2023-12,3.7811,percent,bde,2023-12-31,,2026-07-25,ok,0
mortgage_rate_new,es,nation,2024-01,3.61,percent,bde,2024-01-31,,2026-07-25,ok,0
mortgage_rate_new,es,nation,2024-02,3.6247,percent,bde,2024-02-29,,2026-07-25,ok,0
mortgage_rate_new,es,nation,2024-03,3.4693,percent,bde,2024-03-31,,2026-07-25,ok,0
mortgage_rate_new,es,nation,2024-04,3.4973,percent,bde,2024-04-30,,2026-07-25,ok,0
mortgage_rate_new,es,nation,2024-05,3.4732,percent,bde,2024-05-31,,2026-07-25,ok,0
mortgage_rate_new,es,nation,2024-06,3.3684,percent,bde,2024-06-30,,2026-07-25,ok,0
mortgage_rate_new,es,nation,2024-07,3.3331,percent,bde,2024-07-31,,2026-07-25,ok,0
mortgage_rate_new,es,nation,2024-08,3.376,percent,bde,2024-08-31,,2026-07-25,ok,0
mortgage_rate_new,es,nation,2024-09,3.2619,percent,bde,2024-09-30,,2026-07-25,ok,0
mortgage_rate_new,es,nation,2024-10,3.1955,percent,bde,2024-10-31,,2026-07-25,ok,0
mortgage_rate_new,es,nation,2024-11,3.0447,percent,bde,2024-11-30,,2026-07-25,ok,0
mortgage_rate_new,es,nation,2024-12,2.9044,percent,bde,2024-12-31,,2026-07-25,ok,0
mortgage_rate_new,es,nation,2025-01,2.885,percent,bde,2025-01-31,,2026-07-25,ok,0
mortgage_rate_new,es,nation,2025-02,2.8746,percent,bde,2025-02-28,,2026-07-25,ok,0
mortgage_rate_new,es,nation,2025-03,2.7977,percent,bde,2025-03-31,,2026-07-25,ok,0
mortgage_rate_new,es,nation,2025-04,2.7519,percent,bde,2025-04-30,,2026-07-25,ok,0
mortgage_rate_new,es,nation,2025-05,2.7107,percent,bde,2025-05-31,,2026-07-25,ok,0
mortgage_rate_new,es,nation,2025-06,2.6831,percent,bde,2025-06-30,,2026-07-25,ok,0
mortgage_rate_new,es,nation,2025-07,2.6268,percent,bde,2025-07-31,,2026-07-25,ok,0
mortgage_rate_new,es,nation,2025-08,2.6829,percent,bde,2025-08-31,,2026-07-25,ok,0
mortgage_rate_new,es,nation,2025-09,2.6649,percent,bde,2025-09-30,,2026-07-25,ok,0
mortgage_rate_new,es,nation,2025-10,2.6713,percent,bde,2025-10-31,,2026-07-25,ok,0
mortgage_rate_new,es,nation,2025-11,2.6275,percent,bde,2025-11-30,,2026-07-25,ok,0
mortgage_rate_new,es,nation,2025-12,2.6052,percent,bde,2025-12-31,,2026-07-25,ok,0
mortgage_rate_new,es,nation,2026-01,2.6759,percent,bde,2026-01-31,,2026-07-25,ok,0
mortgage_rate_new,es,nation,2026-02,2.7467,percent,bde,2026-02-28,,2026-07-25,ok,0
mortgage_rate_new,es,nation,2026-03,2.7459,percent,bde,2026-03-31,,2026-07-25,ok,0
mortgage_rate_new,es,nation,2026-04,2.8041,percent,bde,2026-04-30,,2026-07-25,ok,0
mortgage_rate_new,es,nation,2026-05,2.8534,percent,bde,2026-05-31,,2026-07-25,ok,0
